product_name,rating,review
"Anastasia Beverly Hills - Modern Renaissance Eyeshadow Palette",5,"Absolutely love this palette! The colors are so pigmented and blend like a dream."
"Fenty Beauty - Pro Filt'r Soft Matte Longwear Foundation",4,"Great foundation, but slightly oxidizes on my skin. Overall, good coverage and lasts all day."
"Drunk Elephant - T.L.C. Sukari Babyfacial",5,"Holy grail product! My skin feels so smooth and looks brighter after just one use."
"Urban Decay - All Nighter Long-Lasting Makeup Setting Spray",5,"Keeps my makeup in place all day and night, even in hot weather. No touch-ups needed!"
"Too Faced - Better Than Sex Mascara",4,"Gives amazing volume and length to my lashes, but tends to flake a bit throughout the day."
"Dr. Jart+ - Cicapair Tiger Grass Color Correcting Treatment",4,"Great for reducing redness and evening out skin tone. Feels lightweight on the skin."
"Charlotte Tilbury - Airbrush Flawless Finish Setting Powder",5,"Sets my makeup beautifully and blurs out any imperfections. Love the packaging too!"
"Benefit Cosmetics - Hoola Matte Bronzer",5,"Perfect shade for contouring and bronzing. Blends seamlessly and lasts all day."
"Tatcha - The Water Cream",4,"Hydrating and lightweight, great for my combination skin. Absorbs quickly and doesn't feel greasy."
"Pat McGrath Labs - MatteTrance Lipstick",5,"The formula is amazing - long-lasting and comfortable to wear. The shade range is stunning too."
"Mario Badescu - Facial Spray with Aloe, Herbs and Rosewater",3,"Refreshing mist, but the scent is a bit strong for my liking. Works well as a makeup refresher."
"Natasha Denona - Sunrise Eyeshadow Palette",5,"Expensive but worth it! The colors are so vibrant and blend effortlessly."
"Olaplex - Hair Perfector No. 3",5,"Repairs my damaged hair like magic. Noticeable difference in texture and strength after just a few uses."
"Kiehl's - Ultra Facial Cream",4,"Hydrating and non-greasy, perfect for everyday use. Works well under makeup too."
"Hourglass - Ambient Lighting Powder",5,"Gives a beautiful luminous finish to the skin. Perfect for setting makeup or adding a subtle glow."
"Fresh - Soy Face Cleanser",4,"Gentle and effective at removing makeup and impurities. Doesn't strip my skin or cause any irritation."
"Make Up For Ever - Ultra HD Invisible Cover Foundation",4,"Great coverage and blends easily, but can look a bit cakey if not applied sparingly."
"Sunday Riley - Good Genes All-In-One Lactic Acid Treatment",5,"Transformed my skin! Smoother texture, smaller pores, and a radiant glow. Expensive but worth it."
"Bobbi Brown - Vitamin Enriched Face Base",5,"Preps my skin perfectly for makeup application. Hydrating and smooths out my skin texture."
"Too Faced - Peach Perfect Comfort Matte Foundation",4,"Long-lasting and controls oil well, but the shade range could be more inclusive. Feels lightweight on the skin."
"Marc Jacobs Beauty - Highliner Gel Eye Crayon Eyeliner",5,"Easy to apply and stays put all day. Great for creating precise lines or smudged out looks."
"Ole Henriksen - Truth Serum",4,"Brightens my skin and fades dark spots over time. Feels lightweight and absorbs quickly."
"Tom Ford - Soleil Blanc Eau de Parfum",5,"Luxurious scent that lasts all day. Perfect for summer with its beachy vibe."
"Dr. Dennis Gross Skincare - Alpha Beta Extra Strength Daily Peel",5,"Game-changer for my skin! Smoother texture, clearer pores, and reduced acne marks."
"Anastasia Beverly Hills - Dipbrow Pomade",4,"Great for defining brows and lasts all day. Can be a bit tricky to apply for beginners."
"IT Cosmetics - Your Skin But Better CC+ Cream",5,"My go-to for a natural, dewy finish. Offers good coverage and SPF protection."
"Benefit Cosmetics - Gimme Brow+ Volumizing Eyebrow Gel",4,"Adds volume and holds brows in place all day. Easy to use with the small brush."
"Huda Beauty - Desert Dusk Eyeshadow Palette",5,"Beautiful shades and great pigmentation. Allows for both natural and bold eye looks."
"Herbivore - Lapis Facial Oil",4,"Hydrating and calming for my sensitive skin. Absorbs quickly and doesn't feel greasy."
"Estée Lauder - Double Wear Stay-in-Place Foundation",5,"Full coverage and long-wearing without feeling heavy. Perfect for special occasions or long days."
"Fresh - Rose Face Mask",4,"Hydrating and soothing, great for pampering my skin. The rose scent is lovely and not overpowering."
"Urban Decay - Naked Heat Eyeshadow Palette",5,"Amazing warm-toned shades that blend beautifully. Great for creating fiery eye looks."
"Too Faced - Chocolate Soleil Matte Bronzer",5,"Smells like chocolate and gives a natural warmth to the skin. Buildable and easy to blend."
"Peter Thomas Roth - Water Drench Hyaluronic Cloud Cream",4,"Super hydrating and plumping for my dry skin. Absorbs quickly and doesn't leave a sticky residue."
"Dior - Diorshow Mascara",5,"Lengthens and volumizes my lashes without clumping. Lasts all day without smudging."
"Anastasia Beverly Hills - Soft Glam Eyeshadow Palette",5,"Versatile palette with great pigment payoff. Perfect for everyday or glam looks."
"Origins - GinZing Energy-Boosting Gel Moisturizer",4,"Lightweight and refreshing, perfect for waking up dull skin in the morning. Hydrating without feeling greasy."
"Too Faced - Born This Way Super Coverage Multi-Use Sculpting Concealer",5,"Covers dark circles and blemishes flawlessly. Doesn't crease and lasts all day."
"Marc Jacobs Beauty - Le Marc Lip Crème Lipstick",5,"Creamy formula that feels comfortable on the lips. Beautiful shade range with great pigmentation."
"Kérastase - Resistance Length Strengthening Shampoo",4,"Strengthens my hair and reduces breakage. Leaves my hair feeling clean and healthy."
"Drunk Elephant - C-Firma Day Serum",5,"Brightens my skin and fades dark spots. Lightweight and absorbs quickly without leaving a sticky residue."
"Charlotte Tilbury - Hollywood Flawless Filter",5,"Gives a gorgeous glow to my skin. Can be worn alone for a natural look or under foundation for added radiance."
"BECCA - Shimmering Skin Perfector Pressed Highlighter",5,"Intense highlight that gives a beautiful glow to the skin. Blends seamlessly and lasts all day."
"Olaplex - No. 4 Bond Maintenance Shampoo",4,"Keeps my hair soft and shiny without weighing it down. Helps maintain my color-treated hair."
"Anastasia Beverly Hills - Riviera Eyeshadow Palette",5,"Fun and vibrant colors that are perfect for summer. Pigmented and easy to blend."
"Dr. Jart+ - Ceramidin Cream",4,"Moisturizing and soothing for my dry skin. Helps repair my skin barrier and keeps it hydrated."
"Too Faced - Sweet Peach Eyeshadow Palette",5,"Smells amazing and has a great range of peachy shades. Blends easily and lasts all day."
"Kate Somerville - ExfoliKate Intensive Exfoliating Treatment",5,"Leaves my skin feeling smooth and looking radiant. Helps with texture and breakouts."
"Anastasia Beverly Hills - Brow Wiz",5,"Perfect for filling in sparse brows with a natural finish. Easy to use and stays put all day."
"Charlotte Tilbury - Matte Revolution Lipstick",5,"Comfortable matte formula that doesn't dry out my lips. Beautiful shades that last for hours."
"Fresh - Lotus Youth Preserve Face Cream",4,"Hydrating and lightweight, great for everyday use. Keeps my skin looking plump and radiant."
"Givenchy - Le Rouge Lipstick",5,"Luxurious packaging and formula. Glides on smoothly and lasts for hours without feathering."
"Mario Badescu - Drying Lotion",4,"Great for drying out pimples overnight. Effective but can be a bit harsh on sensitive skin."
"Too Faced - Hangover Replenishing Face Primer",5,"Hydrating and smoothing, perfect for prepping my skin before makeup. Extends the wear of my foundation."
"Dr. Dennis Gross Skincare - Alpha Beta Universal Daily Peel",5,"Gentle yet effective at exfoliating my skin. Helps with texture, acne marks, and overall radiance."
"NARS - Radiant Creamy Concealer",5,"Covers dark circles and blemishes flawlessly. Doesn't crease or settle into fine lines."
"Bobbi Brown - Crushed Lip Color",5,"Creamy formula with a satin finish. Feels comfortable on the lips and has good staying power."
"Fresh - Black Tea Instant Perfecting Mask",4,"Smoothing and hydrating, great for a quick skin pick-me-up. Leaves my skin soft and refreshed."
"Anastasia Beverly Hills - Norvina Eyeshadow Palette",5,"Stunning shades with great pigmentation. Blends like a dream and lasts all day."
"Drunk Elephant - B-Hydra Intensive Hydration Serum",5,"Hydrating and soothing for my dehydrated skin. Absorbs quickly and layers well with other products."
"Marc Jacobs Beauty - Enamored Hi-Shine Lip Lacquer Lipgloss",5,"High-shine gloss that isn't sticky. Beautiful shades and feels comfortable on the lips."
"Kate Somerville - EradiKate Acne Treatment",4,"Dries out pimples quickly without causing irritation. Effective spot treatment for acne."
"Anastasia Beverly Hills - Sultry Eyeshadow Palette",5,"Great for creating smoky eye looks. Pigmented shades that blend beautifully."
"Fresh - Soy Face Cleansing Milk",4,"Gentle cleanser that removes makeup and impurities without stripping the skin. Leaves my skin soft and hydrated."
"Urban Decay - Naked3 Eyeshadow Palette",5,"Beautiful rose-toned shades that are great for everyday looks. Pigmented and easy to blend."
"Too Faced - Melted Matte Liquid Lipstick",5,"Long-wearing formula that doesn't dry out my lips. Comfortable to wear and comes in a great shade range."
"Dr. Jart+ - Shake & Shot Rubber Masks",4,"Fun to use and hydrating for my skin. Leaves my skin feeling refreshed and plump."
"Hourglass - Veil Mineral Primer",5,"Smooths out my skin and helps my makeup last all day. Minimizes the appearance of pores and fine lines."
"Fresh - Vitamin Nectar Vibrancy-Boosting Face Mask",5,"Gives my skin a radiant boost and smells amazing. Leaves my skin feeling soft and refreshed."
"Anastasia Beverly Hills - Subculture Eyeshadow Palette",5,"Unique shades with great pigmentation. Blends well and allows for creative eye looks."
"Drunk Elephant - Protini Polypeptide Moisturizer",5,"Hydrating and lightweight, perfect for daytime use under makeup. Leaves my skin feeling soft and supple."
"Charlotte Tilbury - Filmstar Bronze & Glow Contour Duo",5,"Great for contouring and highlighting. Adds a natural warmth to the skin and a subtle glow."
"BECCA - Ultimate Coverage 24-Hour Foundation",4,"Full coverage and long-wearing, but can feel a bit heavy on the skin. Great for events or photos."
"Olaplex - No. 5 Bond Maintenance Conditioner",5,"Leaves my hair soft and manageable. Helps repair and strengthen my damaged hair."
"Anastasia Beverly Hills - Glow Kit",5,"Beautiful highlighter shades that give a radiant glow to the skin. Buildable and long-lasting."
"Dr. Jart+ - Cicapair Tiger Grass Cream",4,"Soothing for redness and sensitive skin. Hydrating but can be a bit thick for some."
"Too Faced - Natural Eyes Eyeshadow Palette",5,"Great everyday palette with a mix of matte and shimmer shades. Blends easily and lasts all day."
"Sunday Riley - Luna Sleeping Night Oil",5,"Transformed my skin overnight! Smoother texture and reduced breakouts. A bit pricey but worth it."
"Bobbi Brown - Skin Long-Wear Weightless Foundation",5,"Great coverage without feeling heavy. Lasts all day and looks natural on the skin."
"Fresh - Sugar Lip Treatment Sunscreen SPF 15",4,"Hydrating and adds a hint of color to the lips. Feels comfortable and protects from the sun."
"Urban Decay - Naked Heat Petite Eyeshadow Palette",5,"Compact version of the original with beautiful warm shades. Pigmented and easy to blend."
"Too Faced - Diamond Light Highlighter",5,"Gorgeous highlighter with a unique diamond-like effect. Adds a beautiful glow to the skin."
"Peter Thomas Roth - Pumpkin Enzyme Mask",4,"Exfoliates and brightens my skin. Can be a bit strong for sensitive skin, but effective for texture."
"Estée Lauder - Advanced Night Repair Synchronized Recovery Complex II",5,"Hydrating and soothing for my skin overnight. Helps with fine lines and overall radiance."
"Fresh - Black Tea Firming Corset Cream",5,"Moisturizing and firming for my skin. Leaves my skin feeling hydrated and looking more lifted."
"NARS - Orgasm Blush",5,"Iconic shade that gives a natural flush to the cheeks. Adds a subtle shimmer for a healthy glow."
"Bobbi Brown - Extra Lip Tint",5,"Sheer formula that adds a hint of color and hydration to the lips. Perfect for everyday wear."
"Mario Badescu - Facial Spray with Aloe, Cucumber and Green Tea",4,"Refreshing mist with a soothing scent. Great for setting makeup or refreshing the skin throughout the day."
"Natasha Denona - Gold Eyeshadow Palette",5,"Stunning gold-toned shades with great pigmentation. Perfect for creating glamorous eye looks."
"Olaplex - No. 6 Bond Smoother Reparative Styling Creme",5,"Smooths and tames my frizzy hair without weighing it down. Adds shine and heat protection."
"Anastasia Beverly Hills - Amrezy Highlighter",5,"Intense highlight that gives a beautiful glow to the skin. Long-lasting and buildable."
"Dr. Jart+ - Ceramidin Liquid",4,"Hydrating and soothing for my dry skin. Absorbs quickly and layers well with other products."
"Too Faced - Peach Perfect Mattifying Setting Powder",5,"Controls oil and sets makeup without looking cakey. Keeps my skin matte all day."
"Charlotte Tilbury - Magic Cream Moisturizer",5,"Hydrating and luxurious for my skin. Preps the skin beautifully for makeup application."
"Benefit Cosmetics - Roller Lash Curling & Lifting Mascara",5,"Curls and lifts my lashes without clumping. Lasts all day without flaking or smudging."
"Tatcha - The Silk Canvas Protective Primer",4,"Smooths out my skin and blurs pores. Helps my makeup last longer throughout the day."
"Pat McGrath Labs - Mothership Eyeshadow Palette",5,"Luxurious palette with stunning shades and great pigment payoff. Perfect for creating bold eye looks."
"Mario Badescu - Drying Cream",4,"Great for drying out cystic acne. Helps reduce inflammation and speeds up the healing process."
"Natasha Denona - Sunset Eyeshadow Palette",5,"Gorgeous warm-toned shades with great pigmentation. Blends like a dream and lasts all day."
"Olaplex - No. 7 Bonding Oil",5,"Adds shine and smoothness to my hair without weighing it down. Helps repair and protect my hair from heat."
"Anastasia Beverly Hills - Soft Glam Eyeshadow Palette",5,"Versatile palette with great pigment payoff. Perfect for everyday or glam looks."
"Dr. Jart+ - Ceramidin Cream",4,"Moisturizing and soothing for my dry skin. Helps repair my skin barrier and keeps it hydrated."
"Too Faced - Sweet Peach Eyeshadow Palette",5,"Smells amazing and has a great range of peachy shades. Blends easily and lasts all day."
"Kate Somerville - ExfoliKate Intensive Exfoliating Treatment",5,"Leaves my skin feeling smooth and looking radiant. Helps with texture and breakouts."
"Anastasia Beverly Hills - Brow Wiz",5,"Perfect for filling in sparse brows with a natural finish. Easy to use and stays put all day."
"Charlotte Tilbury - Matte Revolution Lipstick",5,"Comfortable matte formula that doesn't dry out my lips. Beautiful shades that last for hours."
"Fresh - Lotus Youth Preserve Face Cream",4,"Hydrating and lightweight, great for everyday use. Keeps my skin looking plump and radiant."
"Givenchy - Le Rouge Lipstick",5,"Luxurious packaging and formula. Glides on smoothly and lasts for hours without feathering."
"Mario Badescu - Drying Lotion",4,"Great for drying out pimples overnight. Effective but can be a bit harsh on sensitive skin."
"Too Faced - Hangover Replenishing Face Primer",5,"Hydrating and smoothing, perfect for prepping my skin before makeup. Extends the wear of my foundation."
"Dr. Dennis Gross Skincare - Alpha Beta Universal Daily Peel",5,"Gentle yet effective at exfoliating my skin. Helps with texture, acne marks, and overall radiance."
"NARS - Radiant Creamy Concealer",5,"Covers dark circles and blemishes flawlessly. Doesn't crease or settle into fine lines."
"Bobbi Brown - Crushed Lip Color",5,"Creamy formula with a satin finish. Feels comfortable on the lips and has good staying power."
"Fresh - Black Tea Instant Perfecting Mask",4,"Smoothing and hydrating, great for a quick skin pick-me-up. Leaves my skin soft and refreshed."
"Anastasia Beverly Hills - Norvina Eyeshadow Palette",5,"Stunning shades with great pigmentation. Blends like a dream and lasts all day."
"Drunk Elephant - B-Hydra Intensive Hydration Serum",5,"Hydrating and soothing for my dehydrated skin. Absorbs quickly and layers well with other products."
"Marc Jacobs Beauty - Enamored Hi-Shine Lip Lacquer Lipgloss",5,"High-shine gloss that isn't sticky. Beautiful shades and feels comfortable on the lips."
"Kate Somerville - EradiKate Acne Treatment",4,"Dries out pimples quickly without causing irritation. Effective spot treatment for acne."
"Anastasia Beverly Hills - Sultry Eyeshadow Palette",5,"Great for creating smoky eye looks. Pigmented shades that blend beautifully."
"Fresh - Soy Face Cleansing Milk",4,"Gentle cleans