Movie Title,Reviewer Name,Rating,Review Text,Helpful Votes,Verified Purchase,Review Date
The Shawshank Redemption,Emily R.,5,"One of the best movies I've ever seen. The story is gripping, and the performances are outstanding. I bought the Blu-ray version, and the video quality is crystal clear. Delivery was fast and packaging was secure. Highly recommend for any movie lover!",22,TRUE,2023-11-15
The Shawshank Redemption,Jake T.,4,"Great film with a powerful message. I streamed it digitally, and the quality was good, though I wish the subtitles were a bit better. Price was reasonable for a classic like this. Definitely worth watching multiple times.",15,TRUE,2022-07-03
The Shawshank Redemption,Linda K.,3,"The movie is okay, but I found it a bit slow in parts. The DVD I received had some scratches, which affected playback. Customer service was helpful and sent a replacement quickly. Overall, a decent purchase.",8,TRUE,2021-05-22
The Shawshank Redemption,MovieBuff88,5,Absolutely phenomenal! The storytelling and acting are top-notch. I own the digital copy and the streaming quality is flawless on my 4K TV. A timeless classic that deserves all the praise it gets.,20,TRUE,2024-01-10
The Shawshank Redemption,Sarah M.,2,"Honestly, I don’t get the hype. The pacing felt slow and the plot was predictable. I bought the DVD and the video quality was just average. Not something I’d watch again.",5,TRUE,2020-09-30
The Shawshank Redemption,Chris P.,4,"Very well made film. The physical copy arrived on time and in good condition. The price was a bit high compared to other classics, but the quality justifies it. A must-have for collectors.",12,TRUE,2023-04-18
The Shawshank Redemption,Anna L.,1,Disappointed. The digital version I purchased kept buffering and the video quality was poor. Tried contacting support but no response. Would not recommend buying digitally from this seller.,3,FALSE,2022-12-05
The Shawshank Redemption,Tom S.,5,"Classic movie, classic story. I bought the special edition Blu-ray and the extras are fantastic. Picture and sound quality are superb. Delivery was prompt and packaging was excellent.",18,TRUE,2021-11-27
The Shawshank Redemption,Jess W.,3,"It’s a decent movie but not my favorite. The DVD format is a bit outdated for me, and the video quality isn’t as sharp as I expected. Still, the story is compelling enough to keep watching.",7,TRUE,2020-08-14
The Shawshank Redemption,David H.,4,Really enjoyed this one. The digital download was easy to access and the quality was good. Price was fair. I’d recommend it to anyone who likes drama and prison stories.,14,TRUE,2023-06-09
The Shawshank Redemption,Karen B.,2,I found the movie overrated. The DVD I got had some minor scratches and the colors looked washed out on my TV. Not sure if I’d buy again.,4,TRUE,2021-03-12
The Shawshank Redemption,FilmFanatic007,5,"This movie is a masterpiece. I own both the digital and physical copies. The video quality on Blu-ray is stunning, and the digital version streams without any issues. Worth every penny.",25,TRUE,2024-05-02
The Godfather,Sarah M.,5,"One of the greatest films ever made. The storytelling, acting, and direction are flawless. I bought the Blu-ray and the video quality is stunning, really brings out the details. Highly recommend for any movie fan.",22,TRUE,2022-11-15
The Godfather,MovieLover123,4,"Classic mob drama that still holds up. The digital version I purchased streamed without issues, but I wish there were more bonus features. Still, a must-watch.",18,TRUE,2021-07-03
The Godfather,John D.,3,Good movie but honestly a bit overrated in my opinion. The pacing felt slow at times. Bought the DVD and the packaging was a bit damaged on arrival.,7,TRUE,2023-02-20
The Godfather,Emily R.,5,Absolutely loved it! The acting is superb and the story is gripping from start to finish. The physical copy arrived quickly and in perfect condition. Worth every penny.,15,TRUE,2020-12-05
The Godfather,Tom S.,2,"I found the movie hard to follow and the characters confusing. Also, the digital download was glitchy and kept freezing. Not what I expected for the price.",5,TRUE,2023-08-11
The Godfather,Lisa K.,4,"Great film, but the price for the physical copy was a bit steep. The video quality was excellent though, and the extras were a nice bonus.",12,TRUE,2022-04-18
The Godfather,Alex P.,1,Disappointed. The DVD arrived scratched and unplayable. Customer service was slow to respond. Would not recommend buying physical copies from this seller.,9,TRUE,2021-10-29
The Godfather,CinemaFan88,5,Timeless masterpiece. I watched the digital version on my 4K TV and the picture was crystal clear. The sound design is incredible too. A must-own for any collection.,20,TRUE,2024-01-10
The Godfather,Rachel W.,3,The movie is good but not my style. The delivery was fast and the packaging was fine. I prefer more action-oriented films.,3,FALSE,2020-09-22
The Godfather,Mark T.,4,Solid film with excellent performances. The Blu-ray was a bit pricey but the quality justifies it. Some scenes are slow but overall very engaging.,14,TRUE,2023-05-30
The Godfather,Jennifer L.,2,I struggled to get into this movie. The digital format was convenient but the video quality was average at best. Not what I expected for such a classic.,6,FALSE,2022-08-14
The Godfather,David H.,5,This movie is a masterpiece. The physical copy came with a booklet and the video quality is fantastic. Watching it again reminded me why it’s a classic.,21,TRUE,2021-03-08
The Dark Knight,Jason T.,5,Absolutely phenomenal film. Heath Ledger’s Joker is iconic and the storyline keeps you hooked from start to finish. The Blu-ray video quality is crisp and the sound is immersive. Worth every penny!,22,TRUE,2021-11-15
The Dark Knight,Emily R.,4,"Great movie, though I found some parts a bit slow. The digital version I bought streamed perfectly with no buffering. Price was reasonable for such a classic. Highly recommend for Batman fans.",15,TRUE,2022-07-03
The Dark Knight,Mark S.,3,"The movie is good but overrated in my opinion. The physical DVD I received had some scratches, which affected playback. Customer service was helpful though and sent a replacement quickly.",8,TRUE,2020-12-22
The Dark Knight,Lisa M.,5,"One of the best superhero movies ever made. The plot, acting, and cinematography are top-notch. I bought the 4K version and the video quality blew me away. Definitely a must-have for collectors.",19,TRUE,2023-05-10
The Dark Knight,Kevin L.,2,"I was expecting more based on the hype. The story felt a bit convoluted and the pacing dragged in places. Also, the digital copy I purchased had some glitches during playback. Not impressed.",5,FALSE,2021-03-18
The Dark Knight,Sarah M.,4,Really enjoyed this movie. The Joker’s performance is chilling and unforgettable. The DVD arrived on time and in good condition. Price was fair for a physical copy.,12,TRUE,2022-09-29
The Dark Knight,MovieLover123,1,Disappointed. The disc was defective and wouldn’t play on any of my players. Tried contacting support but got no response. Would not recommend buying the physical version from this seller.,7,FALSE,2020-08-05
The Dark Knight,Amanda K.,5,This movie never gets old. I own it in digital and physical formats. Both have excellent video and audio quality. The price was a bit high but worth it for such a classic.,20,TRUE,2023-01-12
The Dark Knight,Tom H.,3,Good movie but not my favorite Batman film. The delivery was fast and packaging was secure. The digital format is convenient but I prefer physical copies for my collection.,9,TRUE,2022-04-07
The Dark Knight,Jessica P.,4,"Loved the movie, especially the Joker’s character. The video quality on the digital version was excellent. Only reason I gave 4 stars is because the price was a bit steep for a digital download.",14,TRUE,2021-10-30
The Dark Knight,Brian W.,2,Not what I expected. The movie is okay but the digital copy I bought had poor video quality and kept freezing. Tried multiple devices with the same issue. Very frustrating experience.,6,FALSE,2020-11-19
The Dark Knight,Olivia S.,5,"A masterpiece. The story, acting, and direction are flawless. The 4K physical edition I purchased arrived quickly and the picture quality is stunning. Highly recommend for any movie fan.",23,TRUE,2024-02-14
Pulp Fiction,Jason K.,5,Absolutely love this movie! The storytelling is so unique and the characters are unforgettable. The digital version I bought was crystal clear and the delivery was instant. Worth every penny.,18,TRUE,2023-11-15
Pulp Fiction,Emily R.,4,"Great film, classic Tarantino. The physical DVD arrived on time and in perfect condition. Picture quality was good, though not HD. Still, a must-have for any movie fan.",12,TRUE,2022-07-03
Pulp Fiction,Mark D.,3,"The movie itself is iconic, but I was a bit disappointed with the video quality on the digital version. It looked a little grainy on my 4K TV. Still, the story and acting make up for it.",7,TRUE,2021-09-22
Pulp Fiction,Sarah M.,5,"One of my all-time favorites! The Blu-ray format is stunning, with sharp visuals and great sound. Delivery was fast and packaging was secure. Highly recommend.",20,TRUE,2024-02-10
Pulp Fiction,MovieLover123,2,"I was expecting more from this classic. The pacing felt off to me and some scenes dragged. Also, the DVD I received had a scratch that caused skipping. Customer service was helpful though.",5,TRUE,2020-12-05
Pulp Fiction,Linda G.,4,Enjoyed the film a lot. The digital download was easy to access and the price was reasonable. Only reason for 4 stars is that the subtitles were a bit off in some scenes.,9,TRUE,2023-05-18
Pulp Fiction,Tom S.,1,Not impressed. The version I got was low quality and the audio was out of sync. Tried contacting support but no response. Would not recommend buying this here.,3,FALSE,2021-03-30
Pulp Fiction,Jessica P.,5,Classic Tarantino at his best! The physical copy was well packaged and arrived early. Video and audio quality were excellent. A great addition to my collection.,15,TRUE,2022-11-12
Pulp Fiction,Alex W.,3,Mixed feelings. The story is great but the format I chose (digital) had some buffering issues on my device. Might be my internet though. Price was fair.,6,TRUE,2023-08-27
Pulp Fiction,Rachel T.,4,Really enjoyed watching this again. The DVD was a bit old school but the quality was decent. Delivery took longer than expected but overall a good buy.,8,TRUE,2020-10-14
Pulp Fiction,Chris N.,5,This movie never gets old. The digital HD version looks fantastic on my TV. Quick download and no issues. Definitely recommend for fans of crime dramas.,22,TRUE,2024-04-01
Pulp Fiction,Megan L.,2,"I found the movie confusing and a bit violent for my taste. Also, the DVD case was damaged when it arrived. Not sure if I’d buy again.",4,FALSE,2021-06-19
Forrest Gump,Jenny K.,5,One of my all-time favorite movies! The story is heartwarming and Tom Hanks delivers an unforgettable performance. The Blu-ray video quality is crisp and the colors really pop. Arrived on time and the packaging was secure. Highly recommend for anyone who loves a good drama with a bit of history mixed in.,22,TRUE,2023-11-15
Forrest Gump,Mark D.,4,"Great movie, though I wish the digital version had better resolution. The streaming quality was a bit inconsistent on my device. Still, the story and acting make it worth watching multiple times. Price was reasonable for a classic like this.",15,TRUE,2022-07-03
Forrest Gump,Lisa M.,3,"The movie itself is iconic, but I was a bit disappointed with the DVD format. The video quality felt outdated and there were some minor scratches on the disc. Delivery was fast though. If you want the best experience, go for the Blu-ray or digital version.",8,TRUE,2021-05-22
Forrest Gump,MovieFan88,5,Absolutely loved it! The storytelling is beautiful and the soundtrack is perfect. Bought the digital copy and it was easy to download and watch on multiple devices. Definitely worth the price.,19,TRUE,2024-01-10
Forrest Gump,Tom S.,2,"Honestly, I don’t get the hype. The movie felt slow and overly sentimental for my taste. Also, the physical DVD I received had poor packaging and arrived with a cracked case. Not happy with this purchase.",5,FALSE,2020-09-30
Forrest Gump,Sarah M.,4,A classic that still holds up. The delivery was prompt and the disc was in perfect condition. The price was fair for a timeless film like this. Only reason I gave 4 stars is because I prefer digital copies for convenience.,12,TRUE,2023-03-18
Forrest Gump,Alex P.,1,"Very disappointed. The digital version I bought kept freezing and buffering, making it impossible to enjoy. Tried contacting support but no help. Would not recommend buying this version.",3,TRUE,2022-12-05
Forrest Gump,Emily R.,5,This movie never gets old. I purchased the special edition Blu-ray and the video quality blew me away. The extras and behind-the-scenes footage were a nice bonus. Worth every penny!,24,TRUE,2021-08-14
Forrest Gump,Chris L.,3,"The movie is good, but the price was a bit high for just a DVD. Also, the packaging was a little damaged when it arrived. Not a bad buy, but I expected better for the cost.",7,FALSE,2020-11-02
Forrest Gump,Natalie W.,4,"Bought the digital version and it was easy to access and watch. The video quality was decent, though not HD. Still, the story and acting make it a must-watch. Delivery was instant, which I appreciated.",10,TRUE,2023-06-27
Forrest Gump,David H.,5,Timeless classic. The physical copy arrived quickly and in perfect condition. The video and audio quality were excellent. Great value for the price.,18,TRUE,2022-04-09
Forrest Gump,Olivia T.,2,I found the movie overrated and the DVD quality was poor. The colors looked washed out and there was some pixelation. Not what I expected for the price. Would not buy again.,4,FALSE,2021-12-20
Inception,Sarah M.,5,"Absolutely mind-blowing! The plot twists kept me hooked from start to finish. The Blu-ray video quality is stunning, and the sound is crystal clear. Delivery was fast and the packaging was secure. Worth every penny!",18,TRUE,2022-11-15
Inception,John D.,4,Great movie with a complex storyline. I watched the digital version and the streaming quality was excellent with no buffering. Price was reasonable for such a classic. Only reason I gave 4 stars is because it took a bit longer than expected to download.,12,TRUE,2023-03-02
Inception,MovieLover123,3,"The movie is good but a bit confusing at times. I bought the DVD and the video quality is okay but not as sharp as I expected. Delivery was on time and the price was fair. Overall, an average experience.",7,TRUE,2021-07-19
Inception,Emily R.,2,I was really excited to watch this but the digital format I purchased kept glitching. The video quality dropped randomly and it was frustrating. Customer service was slow to respond. Not happy with this purchase.,9,TRUE,2023-08-10
Inception,Tom S.,5,"One of my all-time favorites! The physical copy arrived quickly and the packaging was great. The video quality on Blu-ray is fantastic, and the price was a steal during the sale. Highly recommend for any sci-fi fan.",22,TRUE,2020-12-05
Inception,Linda K.,1,Very disappointed. The DVD I received was scratched and unwatchable. Tried to get a replacement but the process was a hassle. Would not recommend buying the physical copy from this seller.,15,FALSE,2021-04-28
Inception,Alex P.,4,Enjoyed the movie a lot. The digital download was quick and the quality was good on my 4K TV. Price was a bit high compared to other platforms but still worth it for the convenience.,10,TRUE,2022-09-14
Inception,Jessica W.,3,The storyline is interesting but I found it hard to follow. Bought the DVD and the video quality was decent but not great. Delivery was prompt though. Not sure if I’d watch it again.,5,TRUE,2020-06-30
Inception,Chris M.,5,Brilliant film! The special effects and soundtrack are top-notch. I got the digital version and it played perfectly on all my devices. The price was fair and delivery instant. A must-watch.,20,TRUE,2024-01-22
Inception,Natalie B.,2,"Not what I expected. The DVD format was outdated and the video quality was grainy. Also, the price seemed too high for what you get. Delivery was okay but nothing special.",6,FALSE,2021-11-11
Inception,David H.,4,Solid purchase. The Blu-ray video quality is excellent and the movie itself is a classic. Delivery was quick and the price was reasonable. Only downside was the lack of extra features on the disc.,14,TRUE,2023-05-07
Inception,Megan T.,3,Good movie but the digital format I bought had some playback issues on my older device. Video quality was fine on newer devices though. Price was okay. Could be better.,4,TRUE,2022-02-18
The Matrix,Jason T.,5,"Absolutely mind-blowing! The special effects still hold up after all these years, and the storyline is so original and thought-provoking. Bought the Blu-ray physical copy and the video quality is crystal clear. Highly recommend for sci-fi fans.",22,TRUE,2023-11-15
The Matrix,Emily R.,4,"Great movie, though the digital version I purchased had some minor buffering issues on my streaming device. The plot and action scenes are fantastic, but I wish the delivery was a bit faster. Overall, worth the price.",14,TRUE,2022-07-03
The Matrix,MovieLover123,3,"The movie is a classic, no doubt. However, I found the pacing a bit slow in the middle. Also, the DVD format I got was a bit scratched when it arrived, which was disappointing. Customer service was helpful though.",8,TRUE,2021-12-22
The Matrix,Sarah M.,5,One of my all-time favorites! The digital HD version I bought was seamless to download and the picture quality is stunning. The storyline still feels fresh and the action sequences are iconic. Definitely a must-watch.,19,TRUE,2024-02-10
The Matrix,Tom B.,2,"Honestly, I don’t get the hype. The video quality on the digital version was decent but nothing special. The story felt confusing and overhyped. I expected more for the price I paid.",5,TRUE,2020-09-05
The Matrix,Linda K.,4,Enjoyed the movie a lot. The physical DVD arrived quickly and in good condition. The extras on the disc were a nice bonus. Price was reasonable for a classic like this.,12,TRUE,2023-05-18
The Matrix,Chris P.,1,"Very disappointed. The disc was cracked when it arrived and I had to return it. Also, the packaging was poor. Won’t be buying physical copies from this seller again.",7,TRUE,2021-03-30
The Matrix,Anna S.,5,Watched the digital version on my 4K TV and it looked amazing. The colors and effects really pop. The storyline is timeless and the acting is superb. Great value for the price.,20,TRUE,2024-04-01
The Matrix,Dave L.,3,It’s a decent movie but not my style. The digital download was easy but the file size was huge. Video quality was good but nothing extraordinary.,3,FALSE,2022-11-11
The Matrix,Jessica W.,4,Really enjoyed revisiting this classic. The Blu-ray arrived on time and the video quality is excellent. The price was a bit high but worth it for collectors.,15,TRUE,2023-08-27
The Matrix,Mark D.,2,The movie is overrated in my opinion. The digital version I bought had some glitches and the delivery was delayed. Not the best experience overall.,4,FALSE,2020-12-14
The Matrix,Olivia H.,5,Classic sci-fi masterpiece! The physical copy was packaged well and arrived quickly. Video and audio quality are fantastic. A must-have for any movie collection.,23,TRUE,2023-10-09
Goodfellas,Sarah M.,5,"Absolutely one of the best mob movies ever made. The storytelling is gripping, and the acting is top-notch. I bought the Blu-ray and the video quality is stunning, really brings the 70s and 80s to life. Highly recommend for any crime film fan.",22,TRUE,2023-11-15
Goodfellas,MovieLover123,4,"Great movie, classic Scorsese. The digital version I purchased streamed without any issues and the picture was clear. Only reason I gave 4 stars is because the price was a bit high compared to other digital rentals. Still worth watching though.",15,TRUE,2022-07-03
Goodfellas,Tom R.,3,"Good movie but honestly a bit overrated in my opinion. The pacing felt slow at times and some characters were hard to follow. The DVD I got arrived late and the packaging was damaged, which was disappointing.",8,TRUE,2021-12-22
Goodfellas,Jenny K.,5,This movie never gets old. I own the physical copy and the extras on the disc are fantastic. The video quality is excellent for a film this old. Delivery was fast and packaging was secure. Definitely a must-have for collectors.,19,TRUE,2020-09-10
Goodfellas,Dave S.,2,"I rented the digital version and the streaming kept buffering, which ruined the experience. Also, the price was steep for a rental. I expected better quality and smoother playback. Not sure I’d watch it again.",5,TRUE,2023-02-18
Goodfellas,Lisa P.,4,"Really enjoyed the movie, the story is intense and well acted. I bought the DVD and the video quality was decent, though not HD. The price was reasonable and delivery was on time.",12,TRUE,2021-05-30
Goodfellas,Chris B.,1,"Not my cup of tea. Found the violence excessive and the characters unrelatable. Also, the disc I received was scratched and wouldn’t play properly. Customer service was slow to respond.",3,TRUE,2022-10-05
Goodfellas,Amanda W.,5,One of Martin Scorsese’s finest works. The digital HD version I purchased looks fantastic on my 4K TV. The sound mix is immersive and the story is compelling from start to finish. Highly recommend.,24,TRUE,2024-01-12
Goodfellas,Greg H.,3,"The movie is okay, but I was expecting more after all the hype. The physical copy I got was fine but nothing special. The price was a bit high for a used DVD.",7,FALSE,2020-11-08
Goodfellas,Nicole F.,4,"Really enjoyed watching this classic. The digital format was convenient and the video quality was good. The price was fair and delivery was instant, which I liked.",14,TRUE,2023-06-20
Goodfellas,Jason M.,2,"I found the movie slow and the characters hard to connect with. Also, the DVD case arrived cracked and the disc had a few scratches. Not the best purchase experience.",4,FALSE,2021-03-14
Goodfellas,Emily T.,5,This film is a masterpiece. I own the Blu-ray and the picture quality is superb. The extras and behind-the-scenes footage are a great bonus. Delivery was quick and packaging was perfect.,20,TRUE,2022-08-27
The Lord of the Rings: Fellowship,Sarah M.,5,"Absolutely stunning film! The story, the visuals, and the acting all come together perfectly. I bought the physical Blu-ray and the video quality is crisp and vibrant. Delivery was fast and packaging was secure. Highly recommend for any fantasy fan.",18,TRUE,2023-11-15
The Lord of the Rings: Fellowship,MovieLover123,4,"Great movie, though I wish the digital version had better video quality. It’s still enjoyable and the story is timeless. Price was reasonable for a digital purchase.",12,TRUE,2022-07-03
The Lord of the Rings: Fellowship,Tom R.,3,"The movie itself is a classic, but I was a bit disappointed with the delivery time. Took longer than expected. Also, the DVD format is a bit outdated for me. Still, the film is worth watching.",7,TRUE,2021-12-22
The Lord of the Rings: Fellowship,Jenny K.,2,"I bought the physical copy and the disc arrived scratched. Had to return it. Customer service was okay but it was a hassle. The movie is good, but my experience was frustrating.",9,TRUE,2023-04-10
The Lord of the Rings: Fellowship,Alex P.,5,One of my all-time favorites! The special effects still hold up and the story is epic. I got the digital version and it streams perfectly on all my devices. Worth every penny.,22,TRUE,2024-01-05
The Lord of the Rings: Fellowship,CinemaFan88,4,Very enjoyable. The video quality on the Blu-ray is excellent. Price was a bit high but understandable given the quality. Delivery was prompt and packaging was good.,15,TRUE,2022-09-18
The Lord of the Rings: Fellowship,Mark S.,1,Not happy with this purchase. The digital copy had buffering issues and the video quality was poor. Tried multiple devices with no improvement. Would not recommend the digital format.,11,TRUE,2023-06-30
The Lord of the Rings: Fellowship,Lisa G.,3,"The movie is great, but I found the price a bit steep for just a DVD. Also, the delivery was slower than expected. If you’re patient, it’s worth it.",5,FALSE,2021-03-12
The Lord of the Rings: Fellowship,David H.,5,Fantastic film and a must-watch. The physical copy I ordered arrived quickly and in perfect condition. The extras on the Blu-ray are a nice bonus too.,20,TRUE,2020-11-27
The Lord of the Rings: Fellowship,Emily W.,2,I was expecting better video quality for the price. The digital version looked grainy on my 4K TV. The story is great but the format let me down.,8,FALSE,2023-08-14
The Lord of the Rings: Fellowship,Chris J.,4,Really enjoyed this classic. The Blu-ray video quality is excellent and the price was fair. Delivery was on time and packaging was secure.,14,TRUE,2022-05-09
The Lord of the Rings: Fellowship,Natalie B.,1,Disappointed. The disc was defective and wouldn’t play. Had to return it and wait weeks for a replacement. Not the experience I expected for such a popular movie.,6,TRUE,2021-10-02
Star Wars: A New Hope,Jessica M.,5,"Absolutely timeless! This movie never gets old. The special effects might seem dated to some, but the story and characters are what make it a classic. The Blu-ray quality is fantastic, crisp and vibrant colors. Delivery was quick and packaging secure. Highly recommend for any sci-fi fan.",22,TRUE,2023-11-15
Star Wars: A New Hope,Tom R.,4,"Great movie, though I wish the digital version had better resolution. The storyline is iconic and the characters are memorable. Bought it for my collection and it arrived on time. Price was reasonable for a classic like this.",15,TRUE,2022-07-03
Star Wars: A New Hope,Linda K.,3,"It’s a good movie but honestly, I found some parts slow. The video quality on the DVD was okay but not great. If you’re a die-hard fan, it’s worth it, otherwise maybe wait for a sale.",8,TRUE,2021-05-22
Star Wars: A New Hope,Marcus L.,2,"I was expecting more from this classic. The physical copy I got had some scratches and the video quality was disappointing. Also, the price felt a bit steep for what I received.",5,FALSE,2020-12-10
Star Wars: A New Hope,Emily S.,5,This movie is a masterpiece! I bought the digital version and the streaming quality is excellent. Loved revisiting the original story with my kids. Delivery was instant and hassle-free.,20,TRUE,2024-02-18
Star Wars: A New Hope,Greg P.,1,Not impressed. The disc was defective and wouldn’t play on my player. Customer service was slow to respond. Would not recommend buying physical copies from this seller.,12,TRUE,2023-08-30
Star Wars: A New Hope,Sarah J.,4,"Loved the movie, but the packaging was a bit damaged when it arrived. The video quality on Blu-ray is excellent though. Price was fair and delivery was on time.",9,TRUE,2022-11-05
Star Wars: A New Hope,Daniel W.,3,"Classic story but the special effects feel outdated. The digital format is convenient but I miss having a physical copy. Overall, a decent purchase.",7,FALSE,2021-09-14
Star Wars: A New Hope,Olivia H.,5,One of my all-time favorites! The remastered version looks stunning on 4K. Worth every penny. Fast delivery and great packaging.,24,TRUE,2023-04-27
Star Wars: A New Hope,Kevin B.,2,I found the movie boring and the video quality on the DVD was subpar. Not what I expected for the price. Would not buy again.,3,TRUE,2020-10-19
Star Wars: A New Hope,Megan T.,4,Great classic film. The digital download was easy to access and the picture quality was good. A bit pricey but worth it for the nostalgia.,11,TRUE,2022-03-08
Star Wars: A New Hope,Jason F.,5,This movie started it all! The physical copy I bought was in perfect condition and the video quality blew me away. Delivery was prompt and the price was fair. Highly recommend for collectors.,18,TRUE,2024-01-12
Titanic,Sarah M.,5,"Absolutely stunning movie. The story never gets old, and the performances are top-notch. The Blu-ray video quality is crystal clear, and the sound is immersive. Delivery was fast and the packaging was secure. Highly recommend for any classic movie fan!",18,TRUE,2022-11-15
Titanic,MovieLover123,4,"Great film, though I wish the digital version had a bit better video quality. The colors seemed a little washed out on my TV. Still, the story and acting make up for it. Price was reasonable for a digital purchase.",12,TRUE,2023-03-02
Titanic,John D.,3,"The movie itself is a classic, but I was a bit disappointed with the DVD format. The video quality is not as sharp as I expected, and there were some minor scratches on the disc. Delivery took longer than promised.",7,TRUE,2021-07-19
Titanic,Emily R.,5,Watched this again after years and it still holds up beautifully. The physical copy arrived quickly and in perfect condition. The extras on the DVD were a nice bonus. Definitely worth the price.,20,TRUE,2020-12-05
Titanic,Dave K.,2,"Honestly, I don’t get the hype. The movie felt way too long and slow for my taste. Also, the digital version I bought had some buffering issues. Not sure if it was my internet or the file itself.",5,FALSE,2023-08-10
Titanic,Lisa W.,4,"Beautifully shot and emotionally powerful. The price was a bit high for a digital download, but I’m happy with the purchase. Video quality was good, no complaints there.",9,TRUE,2022-05-22
Titanic,Greg H.,1,"Received a damaged DVD and customer service was slow to respond. The movie is great, but the buying experience was frustrating. Would not recommend buying physical copies from this seller.",15,TRUE,2021-10-30
Titanic,Anna B.,5,This movie is a masterpiece. The digital format was easy to download and the video quality was excellent on my 4K TV. Price was fair and delivery instant. Perfect for a movie night!,22,TRUE,2024-01-12
Titanic,Chris P.,3,"Mixed feelings. The movie is iconic, but the version I got was an older DVD with no special features. Video quality was average. For the price, I expected more extras.",6,TRUE,2020-09-18
Titanic,Megan S.,4,"Loved the movie, but the physical copy was a bit pricey. Still, the video and audio quality were great, and it arrived on time. A solid purchase for fans.",11,TRUE,2023-06-07
Titanic,Tom L.,2,Not impressed with the digital version. The video quality was subpar and the file kept freezing. I expected better for the price. Might try the physical copy next time.,4,FALSE,2022-08-14
Titanic,Rachel G.,5,Timeless classic! The DVD arrived quickly and in perfect condition. Video quality was sharp and the extras were interesting. Great value for the price.,23,TRUE,2021-04-25
Avatar,Jessica T.,5,"Absolutely stunning visuals and an immersive story. The Blu-ray quality is top-notch, colors pop and the 3D effects really add to the experience. Worth every penny!",18,TRUE,2021-11-15
Avatar,Mark D.,4,"Great movie overall. The delivery was fast and the packaging was secure. Only reason I gave 4 stars is because the digital code included expired before I could use it. Still, the physical disc works perfectly.",12,TRUE,2022-03-02
Avatar,Emily R.,3,"The movie itself is good, but I was a bit disappointed with the video quality on the digital version I purchased. It wasn’t as crisp as I expected. Still enjoyable though.",7,TRUE,2023-07-19
Avatar,MovieBuff89,2,"I bought the DVD version and the picture quality was pretty poor compared to streaming. Also, the price felt a bit high for what you get. Would recommend streaming instead.",9,FALSE,2020-12-05
Avatar,Sarah M.,5,This movie never gets old. The special effects are still impressive years later. The Amazon delivery was quick and the disc arrived in perfect condition. Highly recommend for collectors.,22,TRUE,2024-01-10
Avatar,Tom H.,1,Very disappointed. The digital download link didn’t work and customer service was unhelpful. Ended up having to request a refund. Not what I expected from Amazon.,15,TRUE,2022-08-23
Avatar,Linda K.,4,Loved the movie and the extras included on the physical disc. The price was reasonable and delivery was on time. Only minor gripe is the packaging was a bit flimsy.,8,TRUE,2021-05-30
Avatar,Chris P.,3,"The movie is a classic, but I found the digital format a bit glitchy on my device. Not sure if it’s the file or my player. Otherwise, the price was fair.",5,FALSE,2023-02-14
Avatar,Angela W.,5,"Perfect condition, fast shipping, and the video quality blew me away. This is a must-have for any sci-fi fan. The extras and behind-the-scenes footage are a great bonus.",20,TRUE,2020-10-08
Avatar,David S.,2,Not happy with the physical copy I received. The disc had scratches and skipped during playback. Had to buy another copy elsewhere.,11,TRUE,2021-09-12
Avatar,Kelly J.,4,Enjoyed the movie a lot. The digital version was easy to download and watch. Price was a bit steep but the quality made up for it.,6,TRUE,2023-11-03
Avatar,Brian M.,3,It’s a good movie but I expected better video quality for the price. The delivery was quick and packaging was fine though.,4,FALSE,2022-06-27
Avengers: Endgame,Jessica M.,5,Absolutely loved this movie! The storyline wrapped up so many loose ends and the action scenes were incredible. Watched the digital version in 4K and the video quality was stunning. Definitely worth every penny.,22,TRUE,2021-07-15
Avengers: Endgame,Tom R.,4,"Great movie overall, but I felt it was a bit too long. The Blu-ray arrived on time and in perfect condition. Picture and sound quality were excellent. A must-watch for Marvel fans.",18,TRUE,2020-12-03
Avengers: Endgame,Linda K.,3,"The movie was okay, but I was expecting more after all the hype. Bought the digital version, and while the video quality was good, the price felt a bit steep for a movie I might not watch again.",7,TRUE,2022-05-22
Avengers: Endgame,Mark S.,2,"Disappointed with the delivery. The physical copy came late and the packaging was damaged. The movie itself was fine, but the whole buying experience left a bad taste.",5,TRUE,2023-01-10
Avengers: Endgame,Emily W.,5,This movie blew me away! The emotional moments hit hard and the special effects were top-notch. I streamed it digitally and the HD quality was flawless. Highly recommend!,20,TRUE,2021-11-30
Avengers: Endgame,Chris P.,1,"Honestly, I didn’t enjoy this one. Felt like a long, drawn-out mess. Also, the digital download was glitchy and kept freezing. Not worth the price.",12,TRUE,2022-08-14
Avengers: Endgame,Sarah L.,4,"Really good movie, though I wish the price for the physical copy was a bit lower. The disc quality was great and it plays perfectly on my player. Delivery was fast and hassle-free.",15,TRUE,2020-10-05
Avengers: Endgame,David H.,3,"Mixed feelings here. The movie is entertaining but not as groundbreaking as I expected. Bought the digital version, and while the video quality was decent, I had some buffering issues.",6,FALSE,2023-04-18
Avengers: Endgame,Megan T.,5,Perfect ending to the saga! The physical Blu-ray set came with great packaging and bonus features. Video and audio quality are superb. A great addition to my collection.,24,TRUE,2021-03-27
Avengers: Endgame,Jason B.,2,Not what I expected. The movie felt too slow in parts and the digital version I bought had poor video quality on my TV. Would not recommend buying digitally.,4,FALSE,2022-12-09
Avengers: Endgame,Olivia G.,4,Loved the movie and the delivery was quick. The physical copy was a bit pricey but the quality made up for it. Great for Marvel fans who want to own a piece of the saga.,13,TRUE,2020-08-21
Avengers: Endgame,Kevin J.,3,It’s a decent movie but not my favorite Marvel film. The digital format was convenient but I noticed some compression artifacts on my 4K TV. Still enjoyable though.,8,FALSE,2023-06-02
Jurassic Park,Sarah M.,5,"Absolutely loved revisiting this classic! The special effects still hold up surprisingly well, and the story is thrilling from start to finish. The Blu-ray video quality is crisp and vibrant, making the dinosaurs feel so real. Delivery was fast and packaging secure. Highly recommend for any sci-fi or adventure fan.",22,TRUE,2023-11-15
Jurassic Park,MovieLover123,4,"Great movie, one of Spielberg’s best. The digital version I bought was easy to download and watch on multiple devices. Only reason I gave 4 stars is because some scenes felt a bit dated compared to modern CGI, but that’s expected for a 90s film. Still a must-watch.",18,TRUE,2022-07-02
Jurassic Park,Tom R.,3,"The movie itself is iconic, but I was a bit disappointed with the DVD quality. The colors seemed washed out and there was some pixelation during fast scenes. Also, the disc arrived with a small scratch, luckily it still played fine. Price was reasonable though.",7,TRUE,2021-03-19
Jurassic Park,Emily S.,2,"I bought the digital version and was frustrated by the streaming glitches. The video kept buffering even on a strong internet connection. Also, the price felt a bit high for a movie this old. I expected a smoother experience.",5,TRUE,2023-05-10
Jurassic Park,Jake W.,5,"This movie never gets old! I purchased the 4K physical copy and the picture quality blew me away. The sound is immersive, and the extras on the disc are a nice bonus. Delivery was prompt and the packaging was sturdy. Worth every penny.",20,TRUE,2024-01-08
Jurassic Park,Linda K.,1,"Honestly, I don’t get the hype. The story felt slow and the characters were not very likable. Also, the DVD I received was damaged and wouldn’t play properly. Customer service was slow to respond. Would not recommend.",3,TRUE,2020-12-22
Jurassic Park,Chris P.,4,"Solid movie with groundbreaking effects for its time. I watched the digital version on my tablet and it looked good, though not HD quality. The price was fair and delivery was instant, which I appreciated.",12,TRUE,2022-09-14
Jurassic Park,MovieFan88,3,"It’s a classic, but I found the pacing a bit slow. The physical DVD was fine, but the cover art was different than what was shown online, which was a minor letdown. Still, the movie itself is worth watching once.",6,FALSE,2021-06-30
Jurassic Park,Angela T.,5,"One of my all-time favorites! The digital download was seamless and the video quality was excellent on my smart TV. The price was reasonable, and I love that I can watch it anytime without the disc.",24,TRUE,2023-08-21
Jurassic Park,Dave L.,2,"I was expecting more from this movie. The story is okay but felt outdated. Also, the DVD I got was a used copy despite being sold as new, which was disappointing. Not sure I’d buy again.",4,FALSE,2020-10-05
Jurassic Park,Sophia G.,4,"Really enjoyed watching this again after many years. The 4K digital version looks fantastic, and the sound is great. Only minor gripe is that the file size was huge and took a while to download. Otherwise, highly recommend.",15,TRUE,2024-04-12
Jurassic Park,Mark D.,3,"Classic movie but the physical disc format is a bit outdated for me. I prefer streaming. The DVD quality was average, and the extras were minimal. Still, it’s a fun watch for dinosaur fans.",8,TRUE,2021-11-03
The Lion King,Jessica T.,5,"Absolutely loved this classic! The animation still holds up beautifully, and the story is timeless. Bought the Blu-ray version and the video quality is stunning. Delivery was fast and packaging secure. Highly recommend for family movie nights!",18,TRUE,2023-11-15
Mark D.,Mark D.,4,"Great movie, though I wish the digital version had a bit better video quality on my streaming device. Still, the soundtrack and characters make it worth watching again and again. Price was reasonable for the digital copy.",12,TRUE,2022-07-03
Emily R.,Emily R.,3,"The Lion King is a classic, but I was a bit disappointed with the DVD format I received. The video was a little grainy compared to what I expected. Delivery took longer than promised, but overall still a decent purchase.",7,TRUE,2021-05-22
Chris P.,Chris P.,2,"I bought the digital version and the streaming quality was inconsistent. Sometimes it looked pixelated, which ruined the experience. Also, the price felt a bit high for what I got. Not sure I’d buy again.",9,TRUE,2023-02-10
Sarah M.,Sarah M.,5,This movie never gets old! I purchased the physical Blu-ray and the video quality blew me away. Colors are vibrant and the sound is crystal clear. Perfect for kids and adults alike. Delivery was prompt and packaging was great.,22,TRUE,2024-01-08
MovieLover123,MovieLover123,4,Enjoyed watching this again after many years. The digital format was convenient and the price was fair. Only reason I gave 4 stars is because the extras were limited compared to other editions. Still a must-watch.,15,TRUE,2020-12-30
Linda K.,Linda K.,1,Very disappointed. The DVD I received was scratched and the video kept freezing. Tried to get a replacement but customer service was slow. Not worth the money at all.,5,TRUE,2021-09-14
Tom S.,Tom S.,3,"The Lion King is a classic, but this particular edition didn’t impress me. The video quality was average and the price was a bit steep for a standard DVD. Delivery was on time though.",6,FALSE,2022-03-19
Angela W.,Angela W.,5,Bought this for my kids and they absolutely love it. The picture quality on the Blu-ray is fantastic and the sound is immersive. Great value for the price. Delivery was quick and hassle-free.,20,TRUE,2023-08-27
David H.,David H.,2,"Not happy with the digital download. The file was corrupted and I had to contact support. Took a while to get a working copy. The movie itself is great, but the purchase experience was frustrating.",8,TRUE,2021-11-05
Rachel F.,Rachel F.,4,A wonderful movie that still holds up. I got the physical copy and the video quality was very good. Packaging was a bit plain but overall a solid purchase. Price was fair for a classic like this.,13,TRUE,2020-10-12
Kevin L.,Kevin L.,1,The digital version I bought was a total letdown. Poor video quality and buffering issues made it unwatchable at times. Would recommend buying the physical copy instead.,4,FALSE,2024-04-02
Frozen,Emily R.,5,Absolutely loved this movie! The animation is stunning and the songs are so catchy. Watched it with my kids and we all enjoyed it. The digital format was easy to download and the video quality was crystal clear. Highly recommend for family movie nights!,18,TRUE,2022-11-15
Frozen,Jason K.,4,"Great movie overall. The story is heartwarming and the characters are memorable. I bought the physical DVD and the packaging was a bit damaged on arrival, but the disc itself works perfectly. Price was reasonable too.",12,TRUE,2021-06-03
Frozen,Linda S.,3,"It’s a decent movie, but I found it a bit overrated. The songs are good but got stuck in my head longer than I wanted. Bought the digital version, and the download was quick, but I wish there were more bonus features included.",7,TRUE,2023-02-20
Frozen,MovieBuff88,2,"Honestly, I didn’t enjoy this as much as I expected. The story felt predictable and the characters didn’t really connect with me. Also, the video quality on the digital copy was not as sharp as I hoped.",5,FALSE,2020-12-10
Frozen,Sarah M.,5,This movie is a classic! I bought the Blu-ray and the picture quality is amazing. The sound is crisp and the extras are fun to watch. Perfect for kids and adults alike. Delivery was fast and packaging was secure.,22,TRUE,2024-01-05
Frozen,Tom H.,1,Disappointed. The disc arrived scratched and wouldn’t play. Customer service was slow to respond. Would not recommend buying the physical copy from this seller.,9,TRUE,2021-09-18
Frozen,Jessica L.,4,Enjoyed watching this again after many years. The animation still holds up well. Purchased the digital version and it streamed without any issues. Price was fair for the quality.,14,TRUE,2023-07-22
Frozen,Alex P.,3,"It’s okay. The story is sweet but a bit slow in parts. Bought the DVD and the video quality was average, nothing spectacular. Good for kids but adults might find it a bit dull.",6,FALSE,2022-04-11
Frozen,Karen W.,5,My daughter loves this movie! We have watched it countless times. The digital download was easy and the quality is excellent. Great value for the price.,20,TRUE,2020-08-30
Frozen,David G.,2,"Not what I expected. The animation is good but the story didn’t grab me. Also, the digital copy had some buffering issues on my device. Might be a device problem but still frustrating.",4,TRUE,2021-11-12
Frozen,Heather J.,4,Very enjoyable movie with great music. Bought the Blu-ray and the video quality is fantastic. Delivery was prompt and packaging was intact. Would buy again as a gift.,15,TRUE,2023-03-08
Frozen,Chris M.,3,"It’s a solid kids’ movie but not my favorite. The songs are catchy but the plot is a bit predictable. The DVD arrived on time and worked fine, but I wish it had more special features.",8,FALSE,2022-09-14
Toy Story,Jessica T.,5,"Absolutely loved revisiting this classic! The animation still holds up beautifully, and the story is heartwarming for all ages. Bought the digital version and the streaming quality was flawless with no buffering. Highly recommend for family movie nights!",18,TRUE,2023-11-15
Toy Story,Mark D.,4,"Great movie, very nostalgic. The Blu-ray arrived quickly and in perfect condition. Picture quality was sharp and colors vibrant. Only reason I gave 4 stars is because the price was a bit higher than I expected for a re-release. Still worth it though.",12,TRUE,2022-07-02
Toy Story,Emily R.,3,"The movie itself is fantastic, but I was a bit disappointed with the DVD quality. The colors seemed a little washed out compared to what I remember from the theater. Also, the disc had a small scratch but still played fine.",7,TRUE,2021-03-19
Toy Story,MovieFan88,5,"This is a must-have for any Pixar fan. The story is timeless and the characters are lovable. I purchased the digital HD version and it looks stunning on my 4K TV. Delivery was instant, no issues at all.",22,TRUE,2024-01-10
Toy Story,Linda K.,2,"I was expecting better video quality for the price. The DVD version I got looked grainy and outdated. Also, the packaging was damaged when it arrived. Not happy with this purchase.",5,TRUE,2020-12-05
Toy Story,Chris P.,4,"Fun movie for kids and adults alike. Bought the physical copy and it arrived on time. The extras on the disc were a nice bonus. Only downside was the shipping cost, which felt a bit steep.",9,TRUE,2023-05-22
Toy Story,Sarah M.,1,Very disappointed. The digital download was glitchy and kept freezing. Tried contacting support but no response. Would not recommend buying this version.,3,TRUE,2022-09-14
Toy Story,Alex G.,5,Classic Pixar magic! The animation and story are timeless. I got the Blu-ray and the video quality blew me away. Great purchase for the price.,20,TRUE,2023-08-30
Toy Story,Heather L.,3,"The movie is great, but I was a bit let down by the packaging. The box was flimsy and arrived slightly bent. The disc itself works fine though.",4,FALSE,2021-11-11
Toy Story,Tom S.,4,Bought this for my kids and they love it. The video quality on the digital version is excellent. Price was reasonable and delivery was fast.,11,TRUE,2024-04-03
Toy Story,Rachel W.,2,"Not what I expected. The DVD version looked old and the sound was a bit off. For the price, I thought it would be better quality.",6,TRUE,2020-08-20
Toy Story,Daniel H.,5,This movie never gets old. Purchased the digital copy and it was easy to download and watch. Perfect for a nostalgic movie night.,15,TRUE,2023-12-01
Finding Nemo,Sarah M.,5,Absolutely loved this movie! The animation is stunning and the story is heartwarming. Perfect for family movie night. The digital format was easy to download and watch on multiple devices. Highly recommend!,18,TRUE,2023-11-15
Finding Nemo,John K.,4,"Great movie overall, but I noticed some slight pixelation during fast scenes on my 4K TV. Still, the colors and characters are vibrant. Delivery of the physical DVD was quick and packaging was intact. Good value for the price.",12,TRUE,2022-07-03
Finding Nemo,MovieLover123,3,"The movie itself is a classic, but I was a bit disappointed with the video quality on the digital version I purchased. It looked a bit compressed compared to what I expected. Still enjoyable though.",7,TRUE,2021-05-22
Finding Nemo,Emily R.,5,My kids adore this movie! The story is touching and the characters are memorable. The Blu-ray format has excellent video and sound quality. Worth every penny.,20,TRUE,2024-01-10
Finding Nemo,Dave T.,2,I bought the physical DVD but the disc was scratched upon arrival. Customer service was slow to respond. Not happy with the purchase experience.,5,TRUE,2023-03-18
Finding Nemo,Lisa P.,4,"Good movie, great for kids. The price was reasonable and delivery was on time. The digital download was straightforward, but I wish it included some bonus features.",9,TRUE,2022-12-05
Finding Nemo,Alex G.,1,Not what I expected. The video quality was poor on the digital version and it kept buffering. Would not recommend buying this version.,3,FALSE,2021-08-30
Finding Nemo,Karen S.,5,Timeless classic! The animation still holds up and the story is so sweet. I bought the physical Blu-ray and the picture quality is fantastic. Great addition to my collection.,22,TRUE,2023-09-12
Finding Nemo,Tom H.,3,"The movie is good but the packaging for the DVD was flimsy. Also, the price seemed a bit high for a movie this old.",6,TRUE,2020-11-20
Finding Nemo,Jessica W.,4,Enjoyed watching this again. The digital format was convenient and the video quality was decent. Would have liked more extras included though.,11,TRUE,2024-04-02
Finding Nemo,Brian L.,5,Perfect for kids and adults alike. The animation is colorful and the story is engaging. The digital download was quick and worked flawlessly on my tablet.,15,TRUE,2022-06-14
Finding Nemo,Megan F.,2,I was expecting better video quality for the price. The digital version looked grainy on my TV. Delivery was fast but the product didn’t meet my expectations.,4,FALSE,2023-02-27
Interstellar,Jessica M.,5,"Absolutely stunning visuals and a gripping story. The space scenes blew me away, and the emotional depth was unexpected. The digital format streamed perfectly with no issues. Highly recommend for sci-fi fans!",22,TRUE,2021-11-15
Interstellar,Tom R.,4,"Great movie overall, though a bit long in parts. The Blu-ray video quality was excellent, and the sound was immersive. Delivery was fast and packaging was secure. Worth the price.",18,TRUE,2022-03-02
Interstellar,Linda K.,3,"The movie was okay, but I found the plot confusing at times. The physical DVD looked a bit scratched when it arrived, but it still played fine. Not sure if I’d watch it again.",7,TRUE,2020-08-19
Interstellar,Mark S.,2,I expected more from this film given the hype. The story dragged and some scientific parts felt unrealistic. The digital download was glitchy and kept freezing. Disappointed.,12,TRUE,2023-01-10
Interstellar,Emily J.,5,One of the best sci-fi movies I’ve seen in years. The soundtrack is incredible and the acting top-notch. Bought the 4K version and the picture quality is breathtaking.,25,TRUE,2021-06-30
Interstellar,David P.,1,"Not my cup of tea. Found it boring and overly complicated. Also, the DVD case arrived cracked. Would not recommend.",3,FALSE,2022-09-05
Interstellar,Sarah L.,4,Really enjoyed the film. The story is deep and thought-provoking. The digital version was easy to download and watch on multiple devices. Price was reasonable too.,15,TRUE,2023-04-22
Interstellar,Kevin W.,3,"Good movie but not as great as I expected. The special effects were nice but the pacing was slow. The physical disc was fine, arrived on time.",9,TRUE,2020-12-11
Interstellar,Amanda F.,5,"Loved every minute of it! The visuals, the story, the music – all perfect. The digital copy was delivered instantly and worked flawlessly on my smart TV.",20,TRUE,2024-02-14
Interstellar,Brian H.,2,"I struggled to get into this movie. The plot was confusing and the characters didn’t connect with me. Also, the DVD quality was subpar, with some pixelation.",5,FALSE,2021-09-08
Interstellar,Olivia G.,4,A visually impressive film with a solid story. The Blu-ray arrived quickly and the packaging was good. A bit pricey but worth it for collectors.,14,TRUE,2022-05-17
Interstellar,Jason T.,3,Mixed feelings. The concept is interesting but the execution felt uneven. The digital format was convenient but the video quality wasn’t as sharp as I hoped.,8,TRUE,2023-07-29
The Departed,Jason T.,5,"Absolutely gripping from start to finish. The cast is phenomenal, and the plot twists kept me on the edge of my seat. The video quality on the Blu-ray was crystal clear, and the delivery was super fast. Definitely worth every penny!",18,TRUE,2023-11-15
Linda K.,Linda K.,4,"Really enjoyed this movie. The story is intense and well acted. I bought the digital version and it streamed perfectly with no buffering. My only gripe is that the price was a bit high compared to other digital rentals. Still, a solid watch.",12,TRUE,2022-07-03
The Departed,MovieBuff89,3,"The movie was okay, but I felt it was a bit overrated. The plot was somewhat predictable after a while. I got the DVD version, and the video quality was decent but not great. Packaging was fine, and delivery was on time.",7,TRUE,2021-05-22
The Departed,Sarah M.,2,"I was expecting more based on all the hype. The story dragged in parts and some characters felt underdeveloped. Also, the DVD I received had some scratches which affected playback. Customer service was helpful though.",5,TRUE,2020-12-10
The Departed,Chris P.,1,Not impressed at all. The digital copy I purchased kept freezing and the video quality was poor. Tried contacting support but no response. Would not recommend buying this version.,3,FALSE,2023-02-18
The Departed,Emily R.,5,One of my favorite movies ever! The suspense and acting are top-notch. I bought the 4K physical copy and the picture quality blew me away. Shipping was quick and the packaging was secure. Highly recommend for any thriller fan.,22,TRUE,2024-01-05
The Departed,Tom S.,4,Great movie overall. The storyline is complex but rewarding. I rented the digital version and it worked flawlessly on my tablet. Price was reasonable for the quality.,9,TRUE,2022-09-14
The Departed,Jessica L.,3,"It’s a decent crime thriller but not my favorite. The DVD arrived late and the case was cracked, but the disc itself worked fine. Video quality was average.",4,FALSE,2021-03-30
The Departed,Mark D.,5,"Brilliant film! The tension and character development are excellent. I purchased the digital HD version and it looked fantastic on my 55"" TV. Delivery was instant, which I love.",20,TRUE,2023-08-09
The Departed,Anna W.,2,"I found the movie confusing and hard to follow. Also, the DVD I got had some playback issues. Not sure if I’d buy again.",2,TRUE,2020-10-21
The Departed,Kevin H.,4,"Solid crime drama with great performances. The Blu-ray video quality was excellent, and the price was fair. Delivery was prompt and packaging was good.",11,TRUE,2023-04-12
The Departed,MovieLover123,1,"Honestly, I didn’t like this movie at all. The plot was confusing and the pacing was slow. I bought the digital version and had issues with streaming. Not worth the money.",1,FALSE,2022-11-27
Fight Club,Jason T.,5,"One of my all-time favorite movies. The plot twists kept me hooked from start to finish. The Blu-ray quality is excellent, crisp picture and sound. Delivery was fast and packaging secure. Highly recommend for any movie buff.",18,TRUE,2023-11-15
Fight Club,Emily R.,4,Great film with a cult following. I bought the digital version and it streams perfectly on my devices. The price was reasonable too. Only reason I gave 4 stars is because I wish there were more bonus features included.,12,TRUE,2022-07-03
Fight Club,Mark S.,3,"The movie is okay, but I didn’t love it as much as others seem to. The storyline is a bit confusing at times. I got the DVD and the video quality is average, nothing special. Delivery was on time though.",7,TRUE,2021-05-22
Fight Club,Lisa M.,2,"Honestly, I don’t get the hype. The movie felt slow and the characters weren’t relatable to me. I bought the physical copy and the disc had a scratch, which was disappointing. Customer service was helpful with a replacement.",5,TRUE,2020-12-10
Fight Club,MovieLover123,5,"Brilliant movie! Edward Norton and Brad Pitt are fantastic. The digital download was quick and easy, and the HD quality is superb. Definitely worth the price.",22,TRUE,2024-02-18
Fight Club,Sarah M.,1,"Not for me. I found the plot too dark and disturbing. Also, the digital format kept buffering on my device, which ruined the experience. Would not recommend.",3,TRUE,2023-08-09
Fight Club,Tom H.,4,"Solid movie with a unique story. I purchased the DVD and the video quality is decent, though not HD. The price was fair and delivery was prompt.",9,FALSE,2021-10-30
Fight Club,Angela K.,3,Mixed feelings. The movie is iconic but I found some parts hard to follow. The physical copy arrived late and the packaging was a bit damaged. Video quality was fine once I got it.,6,TRUE,2022-03-14
Fight Club,David L.,5,Classic film that never gets old. The Blu-ray edition I bought has amazing picture and sound quality. Delivery was quick and the price was reasonable for the quality.,20,TRUE,2023-06-27
Fight Club,Nina P.,2,I was expecting more based on the reviews. The story was confusing and the pacing slow. I got the digital version but the streaming quality was inconsistent. Not worth the price for me.,4,FALSE,2020-09-05
Fight Club,Chris W.,4,Really enjoyed this movie. The physical copy was a bit pricey but the quality is good. The extras on the DVD were a nice bonus. Delivery was on time.,11,TRUE,2022-11-11
Fight Club,Olivia G.,3,"It’s a decent movie but not my style. The digital download was easy but the video quality wasn’t as sharp as I hoped. Still, it’s a cult classic so I get the appeal.",8,TRUE,2023-01-20
Casino,Jason T.,5,"Absolutely loved this classic Scorsese film. The storytelling is gripping, and the performances by De Niro and Pesci are top-notch. The Blu-ray video quality is crisp and vibrant, really brings the Vegas glitz to life. Delivery was fast and packaging secure. Highly recommend for any crime drama fan.",18,TRUE,2022-11-15
Casino,Linda K.,4,"Great movie, though a bit long. The physical DVD arrived in perfect condition and played without any issues. Price was reasonable for a classic. Some scenes are intense, so not for everyone. Overall, a solid addition to my collection.",12,TRUE,2021-07-03
Casino,MovieBuff89,3,"The movie itself is a classic, but I was a bit disappointed with the digital version I purchased. The video quality was decent but not as sharp as I expected for a modern release. Also, the streaming app kept buffering. Still, the story is compelling.",7,TRUE,2023-02-20
Casino,Sarah M.,2,"I bought the DVD hoping for a good copy, but the disc had scratches and skipped several times. Customer service was slow to respond. The movie is good, but the physical product was disappointing. Would have preferred a digital download.",9,TRUE,2020-12-10
Casino,Tom H.,5,"One of my all-time favorites. The 4K Ultra HD version is stunning, with incredible detail and color. The extras included are a nice bonus too. Worth every penny. Delivery was prompt and packaging was excellent.",22,TRUE,2024-04-05
Casino,Emily R.,1,Not what I expected. The digital copy I bought was glitchy and kept freezing. Tried watching on multiple devices with no luck. Very frustrating experience. Would not recommend buying this version.,5,TRUE,2023-08-18
Casino,Greg S.,4,"Solid crime drama with great acting. The DVD quality is good, though not HD. Price was fair, and delivery was on time. I wish the packaging was a bit sturdier, but overall a good purchase.",11,TRUE,2021-05-22
Casino,Anna L.,3,"The movie is a classic, but I found the pacing slow in parts. Bought the digital version and the video quality was okay but nothing spectacular. Still enjoyable if you like gangster films.",6,FALSE,2022-09-14
Casino,David P.,5,Fantastic film and a must-watch for Scorsese fans. The physical Blu-ray arrived quickly and looked great on my 4K TV. The price was a bit high but worth it for the quality.,20,TRUE,2020-10-30
Casino,Kelly J.,2,"I was excited to watch this but the DVD case was damaged when it arrived. The disc itself was fine but the packaging was disappointing. Also, the movie felt a bit dated for my taste.",4,TRUE,2021-12-01
Casino,FilmFanatic007,4,Great movie with excellent performances. The digital format was convenient and the video quality was good on my tablet. Price was reasonable. Would buy again.,13,TRUE,2023-03-10
Casino,Michelle W.,3,"The movie is iconic, but I found the digital download process confusing. The video quality was fine once I got it working. Delivery was instant since it was digital, which was a plus.",8,FALSE,2022-01-25
Heat,Jason T.,5,"Absolutely loved this movie! The intense action scenes and the stellar cast made it a must-watch. The video quality on the digital copy was crystal clear, and delivery was super fast. Highly recommend for any crime thriller fan.",18,TRUE,2022-11-15
Heat,Linda K.,4,"Great film with a gripping storyline. The Blu-ray arrived in perfect condition and the price was reasonable. Only reason I gave 4 stars is because the special features were a bit lacking. Still, a solid addition to my collection.",12,TRUE,2021-07-03
Heat,MovieBuff89,3,"The movie itself is good, but I was a bit disappointed with the digital version I purchased. The video quality was decent but not as sharp as I expected. Also, no subtitles which was a bummer.",7,TRUE,2023-02-20
Heat,Sarah M.,5,One of my all-time favorites! The delivery was quick and the physical DVD was packaged well. Picture and sound quality were excellent. Worth every penny.,22,TRUE,2020-12-10
Heat,Tom R.,2,"Not what I expected. The movie was slow in parts and the digital copy kept buffering on my device. Also, the price felt a bit high for what you get.",5,FALSE,2021-05-18
Heat,Emily S.,4,Really enjoyed the film. The physical copy came with some scratches but it still played fine. The price was fair and delivery was on time.,9,TRUE,2022-08-29
Heat,Chris P.,1,Very disappointed. The DVD arrived damaged and customer service was slow to respond. Would not recommend buying from this seller.,15,TRUE,2023-04-12
Heat,MovieLover123,5,Classic crime drama! The cast is phenomenal and the story keeps you hooked. The digital download was seamless and the video quality was top-notch.,20,TRUE,2024-01-05
Heat,Anna B.,3,"The movie is okay, but I found it a bit too long. The DVD was fine but nothing special. Good for a one-time watch.",3,FALSE,2020-09-14
Heat,Derek W.,4,Solid film with great performances. The Blu-ray quality was excellent and the price was reasonable. Delivery was quick and packaging secure.,11,TRUE,2021-11-22
Heat,Jessica L.,2,I struggled to get through this one. The pacing was slow and the digital copy had some glitches. Not worth the price in my opinion.,4,TRUE,2023-07-30
Heat,Mark D.,5,Fantastic movie! The tension between characters is palpable. The physical DVD was in perfect condition and the price was great. Will buy again from this seller.,21,TRUE,2022-03-08
Scarface,Jason T.,5,Absolutely classic! Al Pacino delivers one of his best performances. The story is intense and gripping from start to finish. The Blu-ray video quality is crisp and the sound is immersive. Worth every penny.,22,TRUE,2023-11-15
Emily R.,Anonymous,4,"Great movie, though some parts felt a bit over the top. The digital format was easy to download and watch on multiple devices. Price was reasonable for such a cult classic.",14,TRUE,2022-07-03
MovieBuff89,Anonymous,3,"Scarface is iconic, but I found the pacing slow in some scenes. The DVD I received had some scratches, which affected playback. Customer service was helpful with a replacement though.",8,TRUE,2021-12-22
Linda K.,Anonymous,2,"Not what I expected. The violence was too much for me and the story didn’t hold my interest. Also, the physical copy arrived late and the packaging was damaged.",5,TRUE,2020-09-10
Chris P.,Anonymous,5,One of my all-time favorites. The remastered version looks fantastic on 4K. Delivery was fast and the price was fair. Highly recommend for fans of crime dramas.,19,TRUE,2024-02-28
Sarah M.,Anonymous,1,Disappointed. The digital copy kept glitching and I couldn’t finish the movie. Tried contacting support but no response. Would not buy again.,3,FALSE,2023-05-17
Alex G.,Anonymous,4,Solid film with memorable lines and characters. The physical disc was in good condition and played without issues. Packaging was minimal but sufficient.,11,TRUE,2021-03-30
Tina L.,Anonymous,3,"It’s a classic, but I’m not a fan of the excessive profanity. The video quality on the digital version was decent but not outstanding. Good for a one-time watch.",7,TRUE,2022-11-05
Daniel S.,Anonymous,5,"Scarface never gets old. The acting, the soundtrack, everything is top-notch. The digital download was quick and easy. Definitely a must-have for any movie collection.",20,TRUE,2023-08-12
Olivia W.,Anonymous,2,"I found the movie overrated and the story hard to follow. Also, the DVD case was cracked when it arrived. Not happy with the purchase overall.",4,TRUE,2020-12-01
Mark D.,Anonymous,4,Enjoyed the film a lot. The extras on the physical edition were a nice bonus. Shipping took longer than expected but the product was worth the wait.,9,TRUE,2021-06-18
Jessica F.,Anonymous,3,Good movie but the price felt a bit high for just a digital copy. Video quality was fine but nothing spectacular. Might look for a cheaper option next time.,6,FALSE,2022-04-09
Gladiator,Sarah M.,5,"Absolutely loved this movie! The action scenes are intense and the story is gripping. The Blu-ray video quality is stunning, really brings the Coliseum to life. Delivery was fast and packaging was secure. Worth every penny for a physical copy.",18,TRUE,2023-11-15
JohnD_89,JohnD_89,4,"Great movie overall, Russell Crowe is fantastic. I bought the digital version and the streaming quality was excellent with no buffering issues. Price was reasonable for a classic like this. Only reason I gave 4 stars is because I wish there were more bonus features included.",12,TRUE,2022-07-03
MovieBuff22,MovieBuff22,3,"The movie itself is good, but I was a bit disappointed with the DVD quality. The colors seemed washed out compared to what I expected. Also, the delivery took longer than promised. Not terrible, but not great either.",7,TRUE,2021-05-20
Lisa K.,Lisa K.,1,"I was really looking forward to this, but the disc arrived scratched and unplayable. Customer service was slow to respond and I ended up requesting a refund. Very disappointed with the physical copy purchase.",9,TRUE,2023-02-10
CinemaFanatic,CinemaFanatic,5,Gladiator is a masterpiece. I streamed the digital version and the HD quality was flawless. The price was fair and the movie holds up well even years after release. Highly recommend for any action or historical drama fan.,22,TRUE,2024-01-08
BeckyT,BeckyT,2,"Not what I expected. The video quality on the DVD was subpar and the audio was inconsistent. Also, the price felt a bit high for what you get. I would suggest going digital if you want better quality.",5,FALSE,2020-09-14
Greg H.,Greg H.,4,"Solid purchase. The physical copy came quickly and the packaging was good. The movie looks great on my 4K TV, though it’s not true 4K. Still, very enjoyable and the extras on the disc were a nice bonus.",14,TRUE,2022-12-01
MovieLover123,MovieLover123,3,"The story is classic and Russell Crowe is great, but I found the pacing a bit slow in parts. Bought the digital version and it worked fine, but nothing special about the video quality. Decent for the price.",6,TRUE,2021-08-30
Tina R.,Tina R.,5,This is one of my all-time favorite movies. The physical Blu-ray arrived quickly and the picture quality is fantastic. The price was a steal during the sale. Highly recommend for collectors and fans alike.,20,TRUE,2023-06-22
Dave S.,Dave S.,1,Digital download was a nightmare. The file kept freezing and I had to contact support multiple times. Not worth the hassle. I’d recommend buying a physical copy instead.,4,FALSE,2020-11-05
Angela P.,Angela P.,4,"Enjoyed the movie a lot. The DVD quality was decent, though not HD. Delivery was prompt and the price was fair. Good addition to my collection.",11,TRUE,2022-03-18
Mark L.,Mark L.,5,Gladiator never gets old. The digital HD version I purchased looks amazing on my smart TV. The price was reasonable and the download was quick. Definitely recommend this version for convenience and quality.,16,TRUE,2024-04-10
Braveheart,Sarah M.,5,"Absolutely loved this movie! The story is gripping and Mel Gibson’s performance is outstanding. The Blu-ray video quality is crystal clear, and the sound is immersive. Worth every penny. Highly recommend for history buffs and action fans alike.",22,TRUE,2023-11-15
Braveheart,John D.,4,"Great movie overall. The physical DVD arrived on time and in perfect condition. The only reason I gave 4 stars is because the packaging was a bit flimsy. Otherwise, the film itself is a classic and still holds up well.",15,TRUE,2022-07-03
Braveheart,MovieLover123,3,"The movie is good but I was a bit disappointed with the digital format I purchased. The streaming quality was inconsistent at times, with some buffering issues. The price was reasonable though.",8,TRUE,2021-12-22
Braveheart,Emily R.,2,"I expected more from this classic. The video quality on the DVD was grainy and not what I hoped for. Also, the delivery took longer than promised. Not sure I’d buy again.",5,TRUE,2020-09-10
Braveheart,Tom S.,5,"One of my all-time favorites! The digital download was quick and easy, and the picture quality was fantastic on my 4K TV. The price was fair for such a legendary film.",19,TRUE,2024-02-05
Braveheart,Linda K.,1,Very disappointed. The disc was scratched when it arrived and wouldn’t play properly. Customer service was slow to respond. Would not recommend buying the physical copy from this seller.,12,TRUE,2023-05-18
Braveheart,Alex P.,4,Solid movie with great action scenes. The digital version was easy to download and watch on multiple devices. Only downside was the price felt a bit high compared to other digital movies.,7,TRUE,2022-11-30
Braveheart,Jessica W.,3,"The movie itself is a classic, but the version I got was a bit disappointing. The video quality was average and the extras were minimal. Still, it’s a must-watch for fans of historical dramas.",4,FALSE,2021-04-14
Braveheart,Chris M.,5,Fantastic film! The physical copy came quickly and the packaging was sturdy. The video and audio quality were excellent. A great addition to my collection.,20,TRUE,2023-08-09
Braveheart,Natalie B.,2,"I found the movie a bit slow and overly long. Also, the digital format I purchased had some glitches during playback. Not the best experience for me.",3,FALSE,2020-12-01
Braveheart,David L.,4,"Very good movie with impressive battle scenes. The DVD quality was good, but I wish there were more bonus features included. Delivery was prompt and packaging was fine.",9,TRUE,2022-03-27
Braveheart,Megan T.,5,This movie never gets old! The digital download was seamless and the quality was top-notch. Great price for such an epic film. Highly recommend for anyone who loves historical epics.,23,TRUE,2024-05-12
Top Gun: Maverick,Jason M.,5,Absolutely loved this sequel! The aerial scenes were breathtaking and the story had just the right mix of nostalgia and fresh energy. Watched the 4K Blu-ray version and the video quality blew me away. Worth every penny.,22,TRUE,2022-07-15
Linda K.,Linda K.,4,"Great movie overall, though I felt some parts dragged a bit. The physical DVD arrived quickly and in perfect condition. Picture quality was good but not outstanding. Still, a solid watch for any action fan.",14,TRUE,2022-08-03
Tom S.,Tom S.,3,"The movie was okay, but I was expecting more after all the hype. The digital version I bought had some buffering issues on my device, which was frustrating. Story was decent but not memorable.",7,TRUE,2022-09-10
Rachel P.,Rachel P.,5,This movie is a must-watch! The action sequences are top-notch and the cast did a fantastic job. I purchased the digital copy and the download was fast with excellent video quality. Highly recommend!,19,TRUE,2022-06-20
Greg H.,Greg H.,2,"Honestly, I was disappointed. The story felt predictable and the characters lacked depth. Also, the price for the physical copy seemed a bit steep for what you get. Not sure I’d watch it again.",5,FALSE,2022-07-30
Samantha L.,Samantha L.,4,"Really enjoyed the movie, especially the nostalgia factor. The delivery was fast and the packaging was secure. The Blu-ray quality was crisp and clear. A great addition to my collection.",12,TRUE,2022-08-12
Kevin D.,Kevin D.,1,"Not impressed at all. The plot was weak and the movie felt like a cash grab. Also, the digital format I bought had poor resolution on my TV. Would not recommend.",3,TRUE,2022-09-05
Emily R.,Emily R.,5,Top Gun: Maverick exceeded my expectations. The cinematography is stunning and the soundtrack is fantastic. I got the 4K digital version and it looks amazing on my home theater setup.,21,TRUE,2022-07-22
Mark W.,Mark W.,3,"It’s an average movie. The action scenes are cool but the story is nothing new. Bought the physical copy but the price was a bit high for what it offers. Still, a decent watch.",8,FALSE,2022-08-18
Olivia T.,Olivia T.,4,Really enjoyed the movie and the performances. The digital download was smooth and the video quality was excellent. A bit pricey but worth it for fans of the original.,15,TRUE,2022-07-28
Daniel F.,Daniel F.,2,"I found the movie overrated. The action was good but the story was lacking. Also, the physical disc I received had a scratch and I had to request a replacement. Delivery was slow too.",4,TRUE,2022-09-12
Jessica M.,Jessica M.,5,Fantastic movie! The nostalgia hit me hard and the new story was engaging. The Blu-ray arrived quickly and the video quality was crystal clear. Definitely recommend for any Top Gun fan.,20,TRUE,2022-07-10
Spider-Man: No Way Home,Jessica M.,5,"Absolutely loved this movie! The storyline was engaging, and the special effects blew me away. The video quality on the Blu-ray was crystal clear, and the colors really popped on my 4K TV. Delivery was fast and the packaging was secure. Definitely worth the price for a physical copy. Highly recommend for any Spider-Man fan!",22,TRUE,2022-01-15
Spider-Man: No Way Home,Tom R.,4,"Great movie overall, though I felt some parts were a bit rushed. The digital copy was easy to redeem and the streaming quality was good with no buffering. Price was reasonable for what you get. Would have given 5 stars if the extras were better.",15,TRUE,2022-03-10
Spider-Man: No Way Home,Linda K.,3,"The movie was okay, but I was expecting more from the hype. The physical disc arrived a bit scratched, but it still played fine. Video quality was decent but not outstanding. Delivery took longer than expected, which was disappointing.",8,TRUE,2022-02-05
Spider-Man: No Way Home,Chris P.,2,"Not impressed. The movie felt overhyped and the plot was confusing at times. Bought the digital version and the streaming quality was inconsistent. Also, the price felt a bit steep for what I got. Probably won’t watch again.",5,TRUE,2022-04-20
Spider-Man: No Way Home,Emily S.,5,"This is hands down one of the best Spider-Man movies! The acting, the story, everything was spot on. The Blu-ray video quality is stunning, and the sound is immersive. Delivery was prompt and the packaging was perfect. Worth every penny!",20,TRUE,2022-01-30
Spider-Man: No Way Home,Mark D.,4,"Really enjoyed the movie. The digital copy was easy to download and watch on multiple devices. The price was fair, and the video quality was good. Only reason I gave 4 stars is because I wish there were more behind-the-scenes extras.",12,TRUE,2022-05-12
Spider-Man: No Way Home,Sarah L.,1,"Disappointed with the purchase. The physical disc was damaged upon arrival and the replacement process was slow. Also, the movie didn’t live up to my expectations. Would not recommend buying from this seller.",3,TRUE,2022-03-25
Spider-Man: No Way Home,Jason W.,3,Movie was fine but nothing special. The digital version was convenient but the video quality wasn’t as good as I hoped. Price was okay but I think I would have preferred a physical copy.,7,FALSE,2022-06-01
Spider-Man: No Way Home,Olivia H.,5,Loved every minute of it! The video quality on the 4K disc is phenomenal. The colors and details really stand out. Delivery was quick and the price was reasonable for a new release. A must-have for collectors.,18,TRUE,2022-02-18
Spider-Man: No Way Home,Kevin B.,2,I found the movie confusing and the pacing off. Bought the digital copy but had issues with playback on my device. Customer service was helpful but it took a while to resolve. Not sure I’d buy again.,4,TRUE,2022-04-05
Spider-Man: No Way Home,Amanda F.,4,Very entertaining movie with great action scenes. The physical copy arrived on time and in good condition. Video quality was excellent on my home theater system. Price was a bit high but understandable for a new release.,14,TRUE,2022-01-22
Spider-Man: No Way Home,Daniel G.,3,"It’s a decent movie but not my favorite Spider-Man. The digital copy was convenient but the video quality was just average. Delivery was fast though, so that was a plus.",6,FALSE,2022-03-15
Black Panther,Jessica T.,5,"Absolutely loved this movie! The storyline was engaging, and the visuals were stunning. The digital format was easy to download and watch on multiple devices. Highly recommend for Marvel fans and newcomers alike.",18,TRUE,2021-07-15
Black Panther,Mark D.,4,"Great movie with a powerful message and fantastic cast. The video quality on the Blu-ray was excellent, crisp and vibrant. Only reason I gave 4 stars is because the price was a bit high compared to other Marvel movies.",12,TRUE,2022-03-22
Black Panther,Emily R.,3,"The movie itself is good, but I was a bit disappointed with the delivery time for the physical copy. Took longer than expected. Also, the packaging was slightly damaged on arrival. Otherwise, the disc works fine.",7,TRUE,2020-11-05
Black Panther,MovieLover123,5,One of the best Marvel movies out there! The cultural representation and soundtrack really stood out. Bought the digital version and it streamed flawlessly on my smart TV. Worth every penny.,22,TRUE,2023-01-10
Black Panther,Sarah M.,2,"Honestly, I expected more from this movie. The plot felt rushed and some characters were underdeveloped. Also, the digital copy had some buffering issues on my device. Not sure if I’d watch it again.",5,TRUE,2021-09-30
Black Panther,Tom H.,4,Solid movie with great action scenes. The physical DVD arrived quickly and in good condition. The extras on the disc were a nice bonus. Price was reasonable for what you get.,9,TRUE,2022-06-18
Black Panther,Linda K.,1,Very disappointed. The disc was scratched and wouldn’t play properly. Customer service was slow to respond. Would not recommend buying the physical copy from this seller.,15,TRUE,2020-12-12
Black Panther,Chris P.,3,"Movie was okay, but I found the pacing uneven. The digital version was convenient but the video quality wasn’t as sharp as I expected on my 4K TV. Still enjoyable overall.",4,FALSE,2023-04-02
Black Panther,Angela W.,5,"This movie is a masterpiece! The story, the cast, the visuals – everything was perfect. I bought the Blu-ray and the 4K quality blew me away. Definitely a must-have for any collection.",20,TRUE,2024-02-14
Black Panther,David S.,4,"Enjoyed the movie a lot. The price was a bit steep for the digital version, but the convenience made up for it. Video and sound quality were excellent on my home theater system.",11,TRUE,2021-05-27
Black Panther,Kelly J.,2,"Not what I expected. The story was confusing at times and the characters didn’t connect with me. Also, the physical copy arrived late and the packaging was flimsy.",3,FALSE,2022-10-08
Black Panther,Brian M.,5,Fantastic film with a great cultural impact. The digital download was quick and the quality was top-notch. Loved watching it with my family. Definitely recommend buying it here.,16,TRUE,2023-08-19
Wonder Woman,Jessica T.,5,Absolutely loved this movie! The action scenes were thrilling and Gal Gadot was perfect as Wonder Woman. The Blu-ray video quality was crystal clear and the colors really popped on my 4K TV. Arrived on time and the packaging was secure. Highly recommend for superhero fans!,18,TRUE,2021-07-15
Wonder Woman,Mark D.,4,"Great movie overall, though the storyline felt a bit predictable at times. The physical DVD was a good price and shipped quickly. Video quality was decent but not outstanding. Still, a solid addition to my collection.",12,TRUE,2022-03-02
Wonder Woman,Emily R.,3,"I enjoyed the movie but wasn’t blown away. The digital version I bought had some buffering issues on my streaming device, which was frustrating. The price was fair though. Not sure if I’d watch it again soon.",7,TRUE,2023-01-20
Wonder Woman,Chris P.,2,"The movie was okay but I expected more from the hype. Also, the DVD case arrived cracked and the disc had a few scratches. Customer service was slow to respond. Not happy with the physical format purchase.",9,TRUE,2020-11-10
Wonder Woman,MovieBuff89,5,"One of the best superhero movies out there! The story, acting, and effects are top-notch. Bought the digital copy and it was easy to download and watch instantly. Worth every penny.",22,TRUE,2021-05-05
Wonder Woman,Linda K.,1,"Honestly, I didn’t like this movie at all. The plot was confusing and the pacing was slow. Also, the digital version kept freezing on my tablet. Would not recommend.",5,FALSE,2022-08-18
Wonder Woman,Alex G.,4,Enjoyed the movie a lot. The physical disc was a bit pricey compared to other sellers but the quality was good. Delivery was fast and the packaging was fine.,14,TRUE,2023-04-12
Wonder Woman,Sarah M.,3,It’s a decent movie but not my favorite. The video quality on the digital version was good but I wish there were more bonus features. Price was okay.,6,TRUE,2020-12-30
Wonder Woman,Tom H.,5,Fantastic film! The action sequences and soundtrack were amazing. I bought the 4K Ultra HD version and it looks stunning on my TV. Delivery was prompt and packaging was excellent.,20,TRUE,2024-02-14
Wonder Woman,Rachel W.,2,"Not what I expected. The movie felt too long and some scenes dragged. Also, the DVD I received was missing the special features advertised. Disappointed.",8,TRUE,2021-09-07
Wonder Woman,Daniel S.,4,Good movie with strong female lead. The digital download was smooth and the price was reasonable. Would recommend to fans of the genre.,11,TRUE,2022-06-22
Wonder Woman,Katie L.,3,The movie was okay but I had some issues with the video quality on the physical DVD. Colors seemed washed out on my TV. Delivery was on time though.,4,FALSE,2023-10-03